checkstyle,Warnings
2022-07-13T18:52,628.0
2022-07-13T20:46,545.0
2022-07-14T18:11,193.0
2022-07-15T20:04,167.0
2022-07-17T14:07,76.0
2022-07-18T20:10,100.0
2022-07-19T13:45,51.0
2022-07-20T13:29,59.0
2022-07-25T02:32,55.0
2022-07-27T20:35,60.0
2022-08-01T01:55,52.0
2022-08-02T13:36,77.0
2022-08-02T19:45,52.0
2022-08-03T20:00,53.0
2022-08-08T02:55,54.0
2022-08-10T20:32,60.0
2022-08-13T20:33,48.0
2022-08-14T20:35,46.0
2022-08-15T15:48,46.0
2022-08-15T17:00,40.0
2023-02-01T15:23,28.0
2023-03-03T19:43,22.0
2023-03-06T20:17,22.0
